{"response":{"status":200,"message":"json connected","data":[{"pembeli":"Budi","buah":"Durian","jumlah":2,"harga":20000,"total":40000},{"pembeli":"Agus","buah":"Apel","jumlah":4,"harga":30000,"total":120000},{"pembeli":"Tuti","buah":"Mangga","jumlah":3,"harga":15000,"total":45000},{"pembeli":"Ardian","buah":"Kelengkeng","jumlah":"10","harga":"25000","total":250000},{"pembeli":"Sri","buah":"Durian","jumlah":"5","harga":"20000","total":100000},{"pembeli":"Udin","buah":"Kelengkeng","jumlah":"25","harga":"25000","total":625000}]}}