{
    "response": {
        "status": 200,
        "message": "json connected",
        "data": [
            {
                "buah": "Durian",
                "harga": 20000
            },
            {
                "buah": "Mangga",
                "harga": 15000
            },
            {
                "buah": "Kelengkeng",
                "harga": 25000
            },
            {
                "buah": "Apel",
                "harga": 30000
            }
        ]
    }
}