{"response":{"status":200,"message":"json connected","data":[{"id":"323032332d30322d32342030353a32363a343442756469","pembeli":"Budi","buah":"Durian","jumlah":"2","harga":"20000","total":40000,"pajak":0,"total_bayar":40000},{"id":"323032332d30322d32342030353a32363a353041677573","pembeli":"Agus","buah":"Apel","jumlah":"4","harga":"30000","total":120000,"pajak":12000,"total_bayar":108000},{"id":"323032332d30322d32342030353a32363a353754757469","pembeli":"Tuti","buah":"Mangga","jumlah":"5","harga":"15000","total":75000,"pajak":0,"total_bayar":75000}]}}